Environment Size,Intruder %,Avg Collisions per Step,Avg Deviation,Avg of Max Deviations
25,0.1,0.0,6.8429115958572915,17.78348474485526
25,0.5,0.558878,7.310693161834357,18.16435742234716
25,1.0,0.735956,7.551046122923505,18.101741356263354
25,2.0,0.878776,8.870441982498374,17.80617580250745
25,5.0,0.978402,10.90636140565366,18.216871239630024
50,0.1,0.147376,14.571347442381159,35.22384361187535
50,0.5,0.51235,16.821248340118043,34.93667580843874
50,1.0,0.702862,16.468692684065513,34.60067578178876
50,2.0,0.847812,19.018979246234828,34.3846673356507
