Environment Size,Intruder %,Avg Collisions per Step,Avg Deviation,Avg of Max Deviations
25,0.1,0.0,6.8429115958572915,17.78348474485526
25,0.5,0.558878,7.310693161834357,18.16435742234716
25,1.0,0.735956,7.551046122923505,18.101741356263354
25,2.0,0.878776,8.870441982498374,17.80617580250745
